{
    "0": {
        "precision": 0.992,
        "recall": 0.992,
        "f1-score": 0.992,
        "support": 500.0
    },
    "1": {
        "precision": 0.997979797979798,
        "recall": 0.988,
        "f1-score": 0.992964824120603,
        "support": 500.0
    },
    "2": {
        "precision": 0.9881422924901185,
        "recall": 1.0,
        "f1-score": 0.9940357852882704,
        "support": 500.0
    },
    "3": {
        "precision": 0.994,
        "recall": 0.994,
        "f1-score": 0.994,
        "support": 500.0
    },
    "4": {
        "precision": 1.0,
        "recall": 0.994,
        "f1-score": 0.9969909729187563,
        "support": 500.0
    },
    "5": {
        "precision": 0.9919678714859438,
        "recall": 0.988,
        "f1-score": 0.9899799599198397,
        "support": 500.0
    },
    "6": {
        "precision": 0.9919839679358717,
        "recall": 0.99,
        "f1-score": 0.990990990990991,
        "support": 500.0
    },
    "7": {
        "precision": 0.992,
        "recall": 0.992,
        "f1-score": 0.992,
        "support": 500.0
    },
    "8": {
        "precision": 0.9979879275653923,
        "recall": 0.992,
        "f1-score": 0.9949849548645938,
        "support": 500.0
    },
    "9": {
        "precision": 0.9822834645669292,
        "recall": 0.998,
        "f1-score": 0.9900793650793651,
        "support": 500.0
    },
    "accuracy": 0.9928,
    "macro avg": {
        "precision": 0.9928345322024054,
        "recall": 0.9927999999999999,
        "f1-score": 0.992802685318242,
        "support": 5000.0
    },
    "weighted avg": {
        "precision": 0.9928345322024056,
        "recall": 0.9928,
        "f1-score": 0.992802685318242,
        "support": 5000.0
    }
}